{"cameraMode":{"drawMode":0,"name":"Shaded","section":"Shading Mode"},"sceneLighting":false,"audioPlay":false,"sceneViewState":{"m_AlwaysRefresh":false,"showFog":true,"showSkybox":false,"showFlares":true,"showImageEffects":true,"showParticleSystems":true,"showVisualEffectGraphs":true,"m_FxEnabled":true},"in2DMode":false,"pivot":{"x":-1.4600000381469727,"y":1.7308571338653565,"z":-4.5369768142700199},"rotation":{"x":0.18496842682361604,"y":0.688513457775116,"z":-0.18856489658355714,"w":0.6754266619682312},"size":1.7477326393127442,"orthographic":false}