{"cameraMode":{"drawMode":0,"name":"Shaded","section":"Shading Mode"},"sceneLighting":false,"audioPlay":false,"sceneViewState":{"m_AlwaysRefresh":false,"showFog":true,"showSkybox":false,"showFlares":true,"showImageEffects":true,"showParticleSystems":true,"showVisualEffectGraphs":true,"m_FxEnabled":true},"in2DMode":false,"pivot":{"x":438.39581298828127,"y":238.6904754638672,"z":22.31879234313965},"rotation":{"x":-0.0004903037915937603,"y":0.9630517363548279,"z":-0.0017420703079551459,"w":-0.2693326771259308},"size":5.6660261154174809,"orthographic":false}